{"cameraMode":{"drawMode":0,"name":"Shaded","section":"Shading Mode"},"sceneLighting":true,"audioPlay":false,"sceneViewState":{"showFog":true,"showMaterialUpdate":false,"showSkybox":true,"showFlares":true,"showImageEffects":true,"showParticleSystems":true},"in2DMode":false,"pivot":{"x":4.113076686859131,"y":8.372468948364258,"z":1.6392245292663575},"rotation":{"x":0.05537061765789986,"y":0.9427840113639832,"z":-0.2609248161315918,"w":0.20007109642028809},"size":3.166027307510376,"orthographic":false}