{"cameraMode":{"drawMode":0,"name":"Shaded","section":"Shading Mode"},"sceneLighting":true,"audioPlay":false,"sceneViewState":{"showFog":true,"showMaterialUpdate":false,"showSkybox":true,"showFlares":true,"showImageEffects":true,"showParticleSystems":true},"in2DMode":false,"pivot":{"x":45.002777099609378,"y":14.736126899719239,"z":65.99070739746094},"rotation":{"x":-0.03854436054825783,"y":0.9570512771606445,"z":-0.15082676708698274,"w":-0.24457821249961854},"size":4.997203350067139,"orthographic":false}