{"cameraMode":{"drawMode":0,"name":"Shaded","section":"Shading Mode"},"sceneLighting":true,"audioPlay":false,"sceneViewState":{"showFog":true,"showMaterialUpdate":false,"showSkybox":true,"showFlares":true,"showImageEffects":true,"showParticleSystems":true},"in2DMode":false,"pivot":{"x":36.705162048339847,"y":-3.164073944091797,"z":108.39984893798828},"rotation":{"x":0.2643594741821289,"y":-0.39043959975242617,"z":0.11909192055463791,"w":0.8737928867340088},"size":50.561126708984378,"orthographic":false}