{"cameraMode":{"drawMode":0,"name":"Shaded","section":"Shading Mode"},"sceneLighting":true,"audioPlay":false,"sceneViewState":{"showFog":true,"showMaterialUpdate":false,"showSkybox":true,"showFlares":true,"showImageEffects":true,"showParticleSystems":true},"in2DMode":false,"pivot":{"x":-1.6840276718139649,"y":17.634502410888673,"z":77.21339416503906},"rotation":{"x":0.0743161216378212,"y":-0.9147733449935913,"z":0.19727356731891633,"w":0.3446342945098877},"size":25.059099197387697,"orthographic":false}