{"cameraMode":{"drawMode":0,"name":"Shaded","section":"Shading Mode"},"sceneLighting":true,"audioPlay":false,"sceneViewState":{"showFog":true,"showMaterialUpdate":false,"showSkybox":true,"showFlares":true,"showImageEffects":true,"showParticleSystems":true},"in2DMode":false,"pivot":{"x":3.409269094467163,"y":4.712987422943115,"z":-4.827642440795898},"rotation":{"x":0.23247571289539338,"y":0.2546592950820923,"z":-0.06321296095848084,"w":0.9365425109863281},"size":4.041658401489258,"orthographic":false}