{"cameraMode":{"drawMode":0,"name":"Shaded","section":"Shading Mode"},"sceneLighting":true,"audioPlay":false,"sceneViewState":{"showFog":true,"showMaterialUpdate":false,"showSkybox":true,"showFlares":true,"showImageEffects":true,"showParticleSystems":true},"in2DMode":false,"pivot":{"x":35.58565902709961,"y":-2.9111976623535158,"z":107.36138916015625},"rotation":{"x":0.25957202911376955,"y":-0.40647345781326296,"z":0.12261191755533219,"w":0.86740642786026},"size":50.561126708984378,"orthographic":false}