{"cameraMode":{"drawMode":0,"name":"Shaded","section":"Shading Mode"},"sceneLighting":true,"audioPlay":false,"sceneViewState":{"showFog":true,"showMaterialUpdate":false,"showSkybox":true,"showFlares":true,"showImageEffects":true,"showParticleSystems":true},"in2DMode":false,"pivot":{"x":45.46603012084961,"y":15.478759765625,"z":65.57622528076172},"rotation":{"x":-0.014954912476241589,"y":0.979122519493103,"z":-0.07830976694822312,"w":-0.18698400259017945},"size":4.997203350067139,"orthographic":false}