{"cameraMode":{"drawMode":0,"name":"Shaded","section":"Shading Mode"},"sceneLighting":true,"audioPlay":false,"sceneViewState":{"showFog":true,"showMaterialUpdate":false,"showSkybox":true,"showFlares":true,"showImageEffects":true,"showParticleSystems":true},"in2DMode":false,"pivot":{"x":1.1128566265106202,"y":2.537705659866333,"z":2.7193691730499269},"rotation":{"x":0.2166714370250702,"y":-0.17349810898303986,"z":0.03916746377944946,"w":0.95991051197052},"size":2.8578836917877199,"orthographic":false}