{"cameraMode":{"drawMode":0,"name":"Shaded","section":"Shading Mode"},"sceneLighting":true,"audioPlay":false,"sceneViewState":{"showFog":true,"showMaterialUpdate":false,"showSkybox":true,"showFlares":true,"showImageEffects":true,"showParticleSystems":true},"in2DMode":false,"pivot":{"x":121.85033416748047,"y":57.76859664916992,"z":88.70561218261719},"rotation":{"x":-0.1619812548160553,"y":0.19198599457740785,"z":-0.03214603662490845,"w":-0.967414915561676},"size":22.0,"orthographic":false}