{"cameraMode":{"drawMode":0,"name":"Shaded","section":"Shading Mode"},"sceneLighting":true,"audioPlay":false,"sceneViewState":{"showFog":true,"showMaterialUpdate":false,"showSkybox":true,"showFlares":true,"showImageEffects":true,"showParticleSystems":true},"in2DMode":false,"pivot":{"x":143.15379333496095,"y":51.72959518432617,"z":80.93278503417969},"rotation":{"x":-0.28742700815200808,"y":-0.39640548825263979,"z":0.1321992129087448,"w":-0.8618543148040772},"size":22.0,"orthographic":false}