{"cameraMode":{"drawMode":0,"name":"Shaded","section":"Shading Mode"},"sceneLighting":true,"audioPlay":false,"sceneViewState":{"showFog":true,"showMaterialUpdate":false,"showSkybox":true,"showFlares":true,"showImageEffects":true,"showParticleSystems":true},"in2DMode":false,"pivot":{"x":1.758857250213623,"y":3.2368240356445314,"z":-2.494947910308838},"rotation":{"x":-0.004255928564816713,"y":0.9946350455284119,"z":-0.09276994317770004,"w":-0.04567544534802437},"size":2.8578836917877199,"orthographic":false}