{"cameraMode":{"drawMode":0,"name":"Shaded","section":"Shading Mode"},"sceneLighting":true,"audioPlay":false,"sceneViewState":{"showFog":true,"showMaterialUpdate":false,"showSkybox":true,"showFlares":true,"showImageEffects":true,"showParticleSystems":true},"in2DMode":false,"pivot":{"x":-11.507804870605469,"y":-10.645642280578614,"z":2.2638320922851564},"rotation":{"x":-0.23716303706169129,"y":0.7287499904632568,"z":-0.30596619844436648,"w":-0.5648738741874695},"size":22.0,"orthographic":false}